,video_id,channelTitle,title,description,tags,publishedAt,viewCount,likeCount,favouriteCount,commentCount,duration,definition,caption,Video publish time,duration_converted,duration_converted_t,Avg_duration_sec,Engagement_ratio,view/subs_count
0,3vs-gk9evzw,Hitesh Choudhary,A frontend code game changer üî•,"Build something awesome using locofy and let me know. I am giving away 2 classic I write code T-shirt to folks who are building stuff. More details in the video. Comment, ""I will build frontend with locofy""


Link to my programming Video Library:
https://hc.lco.dev/devops
Pick best UI color for your projects:
https://UIColorPicker.com

Desktop: https://amzn.to/2GZ0C46
Laptop that I use: https://amzn.to/2Goui9Q
Wallpaper: https://imgur.com/a/FYHfk

Facebook: https://www.facebook.com/HiteshChoudharyPage
Instagram: https://instagram.com/hiteshchoudharyofficial
homepage: http://www.hiteshChoudhary.com
Download LearnCodeOnline.in  app from Google play store and Apple App store
https://play.google.com/store/apps/details?id=in.learncodeonline.lco

Disclaimer:
It doesn't feel good to have a disclaimer in every video but this is how the world is right now. 
All videos are for educational purpose and use them wisely. Any video may have a slight mistake, please take decisions based on your research. This video is not forcing anything on you.

All Amazon links are affiliate links (If any).","['frontend', 'reactjs', 'react native', 'figma', 'low code']",2022-09-09T06:35:24Z,7075,608,,96,PT9M38S,hd,False,2022-09-09,2022-09-12 00:09:38,00:09:38,578,0.09950530035335689,0.010952012383900929
1,5Tlu5OkIlPg,Hitesh Choudhary,Apple just changed the game,,,2022-09-08T12:23:29Z,7488,641,,21,PT57S,hd,False,2022-09-08,2022-09-12 00:00:57,00:00:57,57,0.08840811965811966,0.011591331269349844
2,kvm8tsRj6BM,Hitesh Choudhary,How to install typescript,"Link to my programming Video Library:
https://courses.LearnCodeOnline.in/learn

Pick best UI color for your projects:
https://UIColorPicker.com

Desktop: https://amzn.to/2GZ0C46
Laptop that I use: https://amzn.to/2Goui9Q
Wallpaper: https://imgur.com/a/FYHfk

Facebook: https://www.facebook.com/HiteshChoudharyPage
Instagram: https://instagram.com/hiteshchoudharyofficial
homepage: http://www.hiteshChoudhary.com
Download LearnCodeOnline.in  app from Google play store and Apple App store
https://play.google.com/store/apps/details?id=in.learncodeonline.lco

Disclaimer:
It doesn't feel good to have a disclaimer in every video but this is how the world is right now. 
All videos are for educational purpose and use them wisely. Any video may have a slight mistake, please take decisions based on your research. This video is not forcing anything on you.

All Amazon links are affiliate links (If any).","['typescript', 'javascript', 'machine learning', 'ai', 'devops', 'cloud', 'hosting']",2022-09-08T11:55:33Z,2052,161,,17,PT12M14S,hd,False,2022-09-08,2022-09-12 00:12:14,00:12:14,734,0.08674463937621832,0.003176470588235294
3,JjWRNtBorMw,Hitesh Choudhary,Typescript is not what you think,"Link to my programming Video Library:
https://hc.lco.dev/devops

Pick best UI color for your projects:
https://UIColorPicker.com

Desktop: https://amzn.to/2GZ0C46
Laptop that I use: https://amzn.to/2Goui9Q
Wallpaper: https://imgur.com/a/FYHfk

Facebook: https://www.facebook.com/HiteshChoudharyPage
Instagram: https://instagram.com/hiteshchoudharyofficial
homepage: http://www.hiteshChoudhary.com
Download LearnCodeOnline.in  app from Google play store and Apple App store
https://play.google.com/store/apps/details?id=in.learncodeonline.lco

Disclaimer:
It doesn't feel good to have a disclaimer in every video but this is how the world is right now. 
All videos are for educational purpose and use them wisely. Any video may have a slight mistake, please take decisions based on your research. This video is not forcing anything on you.

All Amazon links are affiliate links (If any).","['javascript', 'typescript', 'reactjs', 'machine learning', 'ai']",2022-09-08T09:54:00Z,3818,266,,27,PT8M23S,hd,False,2022-09-08,2022-09-12 00:08:23,00:08:23,503,0.07674174960712415,0.005910216718266254
4,j89BvWz8Eag,Hitesh Choudhary,Why to learn Typescript,"Link to my programming Video Library:
https://courses.LearnCodeOnline.in/learn

Pick best UI color for your projects:
https://UIColorPicker.com

Desktop: https://amzn.to/2GZ0C46
Laptop that I use: https://amzn.to/2Goui9Q
Wallpaper: https://imgur.com/a/FYHfk

Facebook: https://www.facebook.com/HiteshChoudharyPage
Instagram: https://instagram.com/hiteshchoudharyofficial
homepage: http://www.hiteshChoudhary.com
Download LearnCodeOnline.in  app from Google play store and Apple App store
https://play.google.com/store/apps/details?id=in.learncodeonline.lco

Disclaimer:
It doesn't feel good to have a disclaimer in every video but this is how the world is right now. 
All videos are for educational purpose and use them wisely. Any video may have a slight mistake, please take decisions based on your research. This video is not forcing anything on you.

All Amazon links are affiliate links (If any).","['javascript', 'typescript', 'angular', 'machine learning', 'ai', 'jobs']",2022-09-07T16:46:54Z,7331,644,,74,PT6M52S,hd,False,2022-09-07,2022-09-12 00:06:52,00:06:52,412,0.09794025371709181,0.01134829721362229
5,mxSK9ZcASMU,Hitesh Choudhary,Update to Javascript marathon,"Link to my programming Video Library:
https://hc.lco.dev/devops

Pick best UI color for your projects:
https://UIColorPicker.com

Desktop: https://amzn.to/2GZ0C46
Laptop that I use: https://amzn.to/2Goui9Q
Wallpaper: https://imgur.com/a/FYHfk

Facebook: https://www.facebook.com/HiteshChoudharyPage
Instagram: https://instagram.com/hiteshchoudharyofficial
homepage: http://www.hiteshChoudhary.com
Download LearnCodeOnline.in  app from Google play store and Apple App store
https://play.google.com/store/apps/details?id=in.learncodeonline.lco

Disclaimer:
It doesn't feel good to have a disclaimer in every video but this is how the world is right now. 
All videos are for educational purpose and use them wisely. Any video may have a slight mistake, please take decisions based on your research. This video is not forcing anything on you.

All Amazon links are affiliate links (If any).","['Programming', 'python', 'machine learning', 'typescript', 'jobs', 'ai']",2022-09-07T15:32:46Z,4328,438,,65,PT2M2S,hd,False,2022-09-07,2022-09-12 00:02:02,00:02:02,122,0.11621996303142329,0.0066996904024767805
6,2fXQvy0kFak,Hitesh Choudhary,DevOps Pro Course launch | Live classes,"For more info about course:
https://hc.lco.dev/devops
Use HITESH10 for additional 10% discount and more perks

Link to my programming Video Library:
https://courses.LearnCodeOnline.in/learn

Pick best UI color for your projects:
https://UIColorPicker.com

Desktop: https://amzn.to/2GZ0C46
Laptop that I use: https://amzn.to/2Goui9Q
Wallpaper: https://imgur.com/a/FYHfk

Facebook: https://www.facebook.com/HiteshChoudharyPage
Instagram: https://instagram.com/hiteshchoudharyofficial
homepage: http://www.hiteshChoudhary.com
Download LearnCodeOnline.in  app from Google play store and Apple App store
https://play.google.com/store/apps/details?id=in.learncodeonline.lco

Disclaimer:
It doesn't feel good to have a disclaimer in every video but this is how the world is right now. 
All videos are for educational purpose and use them wisely. Any video may have a slight mistake, please take decisions based on your research. This video is not forcing anything on you.

All Amazon links are affiliate links (If any).","['devops', 'aws', 'cloud', 'azure', 'gcp', 'docker', 'kubernetes', 'ansible', 'terraform']",2022-09-01T05:09:58Z,16856,772,,161,PT6M34S,hd,False,2022-09-01,2022-09-12 00:06:34,00:06:34,394,0.05535121025154248,0.026092879256965944
7,rp56yKfIkmo,Hitesh Choudhary,Complete iOS developer course,"Link to my programming Video Library:
https://courses.LearnCodeOnline.in/learn

Pick best UI color for your projects:
https://UIColorPicker.com

Desktop: https://amzn.to/2GZ0C46
Laptop that I use: https://amzn.to/2Goui9Q
Wallpaper: https://imgur.com/a/FYHfk

Facebook: https://www.facebook.com/HiteshChoudharyPage
Instagram: https://instagram.com/hiteshchoudharyofficial
homepage: http://www.hiteshChoudhary.com
Download LearnCodeOnline.in  app from Google play store and Apple App store
https://play.google.com/store/apps/details?id=in.learncodeonline.lco

Disclaimer:
It doesn't feel good to have a disclaimer in every video but this is how the world is right now. 
All videos are for educational purpose and use them wisely. Any video may have a slight mistake, please take decisions based on your research. This video is not forcing anything on you.

All Amazon links are affiliate links (If any).","['iOS', 'swiftui', 'iOS development', 'iOS tutorials']",2022-08-31T04:53:14Z,9294,487,,142,PT7M16S,hd,False,2022-08-31,2022-09-12 00:07:16,00:07:16,436,0.06767807187432752,0.014386996904024767
8,rd3lN6yQZIQ,Hitesh Choudhary,Let‚Äôs catch up at #LPU Punjab. Hackathon with 3.5 lakh of prizes,,,2022-08-28T10:34:24Z,3331,181,,38,PT1M14S,hd,False,2022-08-28,2022-09-12 00:01:14,00:01:14,74,0.06574602221555088,0.005156346749226006
9,nAeFbJ_EXOo,Hitesh Choudhary,Live support and free seats,"Check 1st pinned comment to get the coupon link.


Link to my programming Video Library:
https://courses.LearnCodeOnline.in/learn

Pick best UI color for your projects:
https://UIColorPicker.com

Desktop: https://amzn.to/2GZ0C46
Laptop that I use: https://amzn.to/2Goui9Q
Wallpaper: https://imgur.com/a/FYHfk

Facebook: https://www.facebook.com/HiteshChoudharyPage
Instagram: https://instagram.com/hiteshchoudharyofficial
homepage: http://www.hiteshChoudhary.com
Download LearnCodeOnline.in  app from Google play store and Apple App store
https://play.google.com/store/apps/details?id=in.learncodeonline.lco

Disclaimer:
It doesn't feel good to have a disclaimer in every video but this is how the world is right now. 
All videos are for educational purpose and use them wisely. Any video may have a slight mistake, please take decisions based on your research. This video is not forcing anything on you.

All Amazon links are affiliate links (If any).","['coding', 'programming', 'web developer', 'machine learning', 'ai', 'aws', 'cloud', 'devops', 'javascript']",2022-08-27T12:38:25Z,9842,649,,157,PT6M17S,hd,False,2022-08-27,2022-09-12 00:06:17,00:06:17,377,0.08189392399918716,0.015235294117647059
10,yopaUqfhQkQ,Hitesh Choudhary,Next Hackathon is at your home | 35000 cash prize,"Visit https://findcoder.io and take part in Pensil challenge


Link to my programming Video Library:
https://courses.LearnCodeOnline.in/learn

Pick best UI color for your projects:
https://UIColorPicker.com

Desktop: https://amzn.to/2GZ0C46
Laptop that I use: https://amzn.to/2Goui9Q
Wallpaper: https://imgur.com/a/FYHfk

Facebook: https://www.facebook.com/HiteshChoudharyPage
Instagram: https://instagram.com/hiteshchoudharyofficial
homepage: http://www.hiteshChoudhary.com
Download LearnCodeOnline.in  app from Google play store and Apple App store
https://play.google.com/store/apps/details?id=in.learncodeonline.lco

Disclaimer:
It doesn't feel good to have a disclaimer in every video but this is how the world is right now. 
All videos are for educational purpose and use them wisely. Any video may have a slight mistake, please take decisions based on your research. This video is not forcing anything on you.

All Amazon links are affiliate links (If any).","['Programming', 'hackathon', 'coders', 'machine learning', 'ai', 'coding challenge']",2022-08-27T05:30:19Z,8792,616,,28,PT4M24S,hd,False,2022-08-27,2022-09-12 00:04:24,00:04:24,264,0.0732484076433121,0.013609907120743035
11,a_zftgj0Ykg,Hitesh Choudhary,The journey of success transition,,,2022-08-22T09:29:23Z,7950,1003,,28,PT1M,hd,False,2022-08-22,2022-09-12 00:01:00,00:01:00,60,0.12968553459119497,0.012306501547987616
12,arYn3DJcicw,Hitesh Choudhary,Learn backend development with prisma and mongodb | part 3,"For code files and community learning for free:
https://courses.learncodeonline.in/learn/Prisma-backend-development-with-mongodb",,2022-08-22T07:22:18Z,4469,165,,8,PT46M38S,hd,False,2022-08-22,2022-09-12 00:46:38,00:46:38,2798,0.03871112105616469,0.006917956656346749
13,qcIotzhNLDU,Hitesh Choudhary,Learn backend development with Prisma and mongodb | part 2,"Learn backend development with Prisma and mongodb | part 2
For code files and community learning for free:
https://courses.learncodeonline.in/learn/Prisma-backend-development-with-mongodb",,2022-08-20T18:14:08Z,6156,215,,16,PT41M,hd,False,2022-08-20,2022-09-12 00:41:00,00:41:00,2460,0.03752436647173489,0.009529411764705882
14,IiqhMNPWGEs,Hitesh Choudhary,Learn backend development with Prisma and mongodb,"Learn backend development with Prisma and mongodb
For code files and community learning for free:
https://courses.learncodeonline.in/learn/Prisma-backend-development-with-mongodb",,2022-08-19T17:48:05Z,10896,515,,19,PT1H41M31S,hd,False,2022-08-19,2022-09-12 01:41:31,01:41:31,6091,0.049008810572687224,0.01686687306501548
15,O6-6VfPBNjE,Hitesh Choudhary,Let's learn Tailwind | live,Let's learn tailwind live | read docs | enjoy music,,2022-08-19T08:23:51Z,8060,408,,17,PT1H20M44S,hd,False,2022-08-19,2022-09-12 01:20:44,01:20:44,4844,0.05272952853598015,0.012476780185758514
16,nSbxyFQaLk8,Hitesh Choudhary,This will change ed-tech,"Now, anyone can make their school and teach online
Visit:
https://www.learnyst.com/

Link to my programming Video Library:
https://courses.LearnCodeOnline.in/learn

Pick best UI color for your projects:
https://UIColorPicker.com

Desktop: https://amzn.to/2GZ0C46
Laptop that I use: https://amzn.to/2Goui9Q
Wallpaper: https://imgur.com/a/FYHfk

Facebook: https://www.facebook.com/HiteshChoudharyPage
Instagram: https://instagram.com/hiteshchoudharyofficial
homepage: http://www.hiteshChoudhary.com
Download LearnCodeOnline.in  app from Google play store and Apple App store
https://play.google.com/store/apps/details?id=in.learncodeonline.lco

Disclaimer:
It doesn't feel good to have a disclaimer in every video but this is how the world is right now. 
All videos are for educational purpose and use them wisely. Any video may have a slight mistake, please take decisions based on your research. This video is not forcing anything on you.

All Amazon links are affiliate links (If any).","['learnyst', 'teachable', 'thinkfic', 'LMS', 'teach online']",2022-08-17T04:22:34Z,11777,781,,31,PT42S,hd,False,2022-08-17,2022-09-12 00:00:42,00:00:42,42,0.06894794939288444,0.01823065015479876
17,6m0amaGV1ak,Hitesh Choudhary,Meet creator of FastAPI | Sebasti√°n Ram√≠rez Monta√±o,"Meet founder of FastAPI and get to know the thought process behind creation of FastAPI. 
Also, some regular developer talks",,2022-08-09T15:10:13Z,11004,406,,22,PT33M28S,hd,False,2022-08-09,2022-09-12 00:33:28,00:33:28,2008,0.038894947291893855,0.01703405572755418
18,Wl_t3Qj_3rk,Hitesh Choudhary,Just another random live !,"Let's talk, just randomly",,2022-08-06T15:21:31Z,7781,405,,9,PT1H4M39S,hd,False,2022-08-06,2022-09-12 01:04:39,01:04:39,3879,0.05320652872381442,0.012044891640866874
19,NCZwoMcgk50,Hitesh Choudhary,"Put your IMPACT, write more code | @iNeuron Intelligence","Write more code,
Build more stuff,
I WRITE CODE
I write code is a sentiment for coders.

Link to my programming Video Library:
https://courses.LearnCodeOnline.in/learn

Pick best UI color for your projects:
https://UIColorPicker.com

Desktop: https://amzn.to/2GZ0C46
Laptop that I use: https://amzn.to/2Goui9Q
Wallpaper: https://imgur.com/a/FYHfk

Facebook: https://www.facebook.com/HiteshChoudharyPage
Instagram: https://instagram.com/hiteshchoudharyofficial
homepage: http://www.hiteshChoudhary.com
Download LearnCodeOnline.in  app from Google play store and Apple App store
https://play.google.com/store/apps/details?id=in.learncodeonline.lco

Disclaimer:
It doesn't feel good to have a disclaimer in every video but this is how the world is right now. 
All videos are for educational purpose and use them wisely. Any video may have a slight mistake, please take decisions based on your research. This video is not forcing anything on you.

All Amazon links are affiliate links (If any).","['iNeuron', 'machine learning', 'artificial intelligence', 'web development', 'mobile development', 'iOS', 'Android', 'Java', 'Javascript', 'blockchain', 'c programming', 'Data structure and algorithm', 'learncodeonline', 'LCO', 'software testing', 'cyber security', 'cloud', 'devops']",2022-08-03T17:17:24Z,25058,563,,50,PT33S,hd,False,2022-08-03,2022-09-12 00:00:33,00:00:33,33,0.024463245270971348,0.038789473684210526
20,JezatpCP9C0,Hitesh Choudhary,We are solving tech hiring problem next | FindCoder,"Where to find coder, at https://findcoder.io
Showcase your work, take part in online hackathons, find your coding duo or get inspired by other coder's work.

Link to my programming Video Library:
https://courses.LearnCodeOnline.in/learn

Pick best UI color for your projects:
https://UIColorPicker.com

Desktop: https://amzn.to/2GZ0C46
Laptop that I use: https://amzn.to/2Goui9Q
Wallpaper: https://imgur.com/a/FYHfk

Facebook: https://www.facebook.com/HiteshChoudharyPage
Instagram: https://instagram.com/hiteshchoudharyofficial
homepage: http://www.hiteshChoudhary.com
Download LearnCodeOnline.in  app from Google play store and Apple App store
https://play.google.com/store/apps/details?id=in.learncodeonline.lco

Disclaimer:
It doesn't feel good to have a disclaimer in every video but this is how the world is right now. 
All videos are for educational purpose and use them wisely. Any video may have a slight mistake, please take decisions based on your research. This video is not forcing anything on you.

All Amazon links are affiliate links (If any).","['findcoder', 'tech jobs', 'hackathons', 'machine learning', 'javascript']",2022-08-01T06:55:41Z,10168,729,,50,PT8M5S,hd,False,2022-08-01,2022-09-12 00:08:05,00:08:05,485,0.07661290322580645,0.015739938080495355
21,Kr-2KprTbc0,Hitesh Choudhary,What the BUN | it's all about speed,"In this video, I've shown you how a SIMPLE WordPress Plugin will do for your website! With this easy tool at your fingertips in a matter of clicks, your page speed score will be over 90+.  https://hc.lco.dev/10web
WordPress websites are usually laggy by default, but with this handy speed optimizer installed and ready, you‚Äôll replace 2 months of work with about 2 hours. And the results are truly worth it. With 10Web Booster, you‚Äôll embed a number of technical optimization techniques into your WordPress website that will potentially serve as fuel for your website speed optimization. JS Minification, Image Optimization, CSS & HTML compression, Image Lazy Load the list goes on.. All the features you had to do manual work to implement are gonna right in front of your eyes.

COUPON CODE: HITESH10 (Use this code to get an additional discount)

Link to my programming Video Library:
https://courses.LearnCodeOnline.in/learn

Pick best UI color for your projects:
https://UIColorPicker.com

Desktop: https://amzn.to/2GZ0C46
Laptop that I use: https://amzn.to/2Goui9Q
Wallpaper: https://imgur.com/a/FYHfk

Facebook: https://www.facebook.com/HiteshChoudharyPage
Instagram: https://instagram.com/hiteshchoudharyofficial
homepage: http://www.hiteshChoudhary.com
Download LearnCodeOnline.in  app from Google play store and Apple App store
https://play.google.com/store/apps/details?id=in.learncodeonline.lco

Disclaimer:
It doesn't feel good to have a disclaimer in every video but this is how the world is right now. 
All videos are for educational purpose and use them wisely. Any video may have a slight mistake, please take decisions based on your research. This video is not forcing anything on you.

All Amazon links are affiliate links (If any).","['Programming', 'LearnCodeOnline', 'javascript', 'wordpress', 'page-speed', '10web', 'wordpress hosting']",2022-07-20T16:44:47Z,12042,550,,34,PT12M13S,hd,False,2022-07-20,2022-09-12 00:12:13,00:12:13,733,0.04849692742069424,0.018640866873065015
22,Ji0lePu7NX0,Hitesh Choudhary,DSA for FAANG | System Design | Python | Javascript,"Learn DSA to prepare for MAANG interviews. Learn to code DSA problems in Python and in Javascript. Also, as a bonus, learn System design.
Check more details here:
https://hc.lco.dev/dsa
Bundle in LCO for DSA will be given to all users but it takes 2-3 days.
For any more details call at:
9538303385
8788503778
6260726925
9880055539
8660034247


Link to my programming Video Library:
https://courses.LearnCodeOnline.in/learn

Pick best UI color for your projects:
https://UIColorPicker.com

Desktop: https://amzn.to/2GZ0C46
Laptop that I use: https://amzn.to/2Goui9Q
Wallpaper: https://imgur.com/a/FYHfk

Facebook: https://www.facebook.com/HiteshChoudharyPage
Instagram: https://instagram.com/hiteshchoudharyofficial
homepage: http://www.hiteshChoudhary.com
Download LearnCodeOnline.in  app from Google play store and Apple App store
https://play.google.com/store/apps/details?id=in.learncodeonline.lco

Disclaimer:
It doesn't feel good to have a disclaimer in every video but this is how the world is right now. 
All videos are for educational purpose and use them wisely. Any video may have a slight mistake, please take decisions based on your research. This video is not forcing anything on you.

All Amazon links are affiliate links (If any).","['Data structures and algorithms', 'DSA with python', 'DSA with Javascript', 'system design', 'MAANG preparation', 'FAANG preparation', 'tech interview']",2022-07-20T09:37:20Z,13356,695,,75,PT5M15S,hd,False,2022-07-20,2022-09-12 00:05:15,00:05:15,315,0.057651991614255764,0.020674922600619195
23,7F2LkS3jpPA,Hitesh Choudhary,A really BIG announcement | remote jobs and LCO,"I have already answered a lot of possible question. Please be a good listener first and it will solve most of your doubts. 
Link to apply for remote role at LCO doubt support
https://forms.gle/c4LryVS1bsr2f5zY6
 Get LCO Pro here
https://hc.lco.dev/lcopro

Link to my programming Video Library:
https://courses.LearnCodeOnline.in/learn

Pick best UI color for your projects:
https://UIColorPicker.com

Desktop: https://amzn.to/2GZ0C46
Laptop that I use: https://amzn.to/2Goui9Q
Wallpaper: https://imgur.com/a/FYHfk

Facebook: https://www.facebook.com/HiteshChoudharyPage
Instagram: https://instagram.com/hiteshchoudharyofficial
homepage: http://www.hiteshChoudhary.com
Download LearnCodeOnline.in  app from Google play store and Apple App store
https://play.google.com/store/apps/details?id=in.learncodeonline.lco

Disclaimer:
It doesn't feel good to have a disclaimer in every video but this is how the world is right now. 
All videos are for educational purpose and use them wisely. Any video may have a slight mistake, please take decisions based on your research. This video is not forcing anything on you.

All Amazon links are affiliate links (If any).","['Programming', 'LearnCodeOnline', 'python', 'javascript', 'machine learning', 'ai', 'aws', 'cloud']",2022-07-12T16:28:08Z,28278,1566,,149,PT9M59S,hd,False,2022-07-12,2022-09-12 00:09:59,00:09:59,599,0.06064785345498267,0.043773993808049534
24,jkngyZjRETs,Hitesh Choudhary,Appwrite crash course | Open Source Backend as a Service | Reactjs,"Appwrite is an end-to-end Backend-as-a-Service (Baas) platform for web, mobile, and Flutter developers. Appwrite abstracts the complexity and repetitiveness required to build a modern backend API from scratch and allows developers to build secure applications faster and easily integrate their applications with user authentication & multiple sign-in methods. It includes a database for storing and querying users and team data, storage and file management, image manipulation, Cloud Functions and more. For more information, please visit 
https://appwrite.io/

Pick best UI color for your projects:
https://UIColorPicker.com

Desktop: https://amzn.to/2GZ0C46
Laptop that I use: https://amzn.to/2Goui9Q
Wallpaper: https://imgur.com/a/FYHfk

Facebook: https://www.facebook.com/HiteshChoudharyPage
Instagram: https://instagram.com/hiteshchoudharyofficial
homepage: http://www.hiteshChoudhary.com
Download LearnCodeOnline.in  app from Google play store and Apple App store
https://play.google.com/store/apps/details?id=in.learncodeonline.lco

Disclaimer:
It doesn't feel good to have a disclaimer in every video but this is how the world is right now. 
All videos are for educational purpose and use them wisely. Any video may have a slight mistake, please take decisions based on your research. This video is not forcing anything on you.

All Amazon links are affiliate links (If any).","['javascript', 'appwrite', 'reactjs', 'backend', 'baas', 'open source', 'learn appwrite']",2022-07-11T11:34:36Z,8933,330,,38,PT1H11M24S,hd,False,2022-07-11,2022-09-12 01:11:24,01:11:24,4284,0.04119556699876861,0.013828173374613003
25,hduwjJ043Mg,Hitesh Choudhary,Save your code snippets in this open source tool,,,2022-07-11T10:59:46Z,9790,1099,,9,PT51S,hd,False,2022-07-11,2022-09-12 00:00:51,00:00:51,51,0.11317671092951992,0.015154798761609908
26,eEirQbMZEWI,Hitesh Choudhary,Full Stack Java Script Web Developer | induction class,"Link to my programming Video Library:
https://courses.LearnCodeOnline.in/learn

Pick best UI color for your projects:
https://UIColorPicker.com

Desktop: https://amzn.to/2GZ0C46
Laptop that I use: https://amzn.to/2Goui9Q
Wallpaper: https://imgur.com/a/FYHfk

Facebook: https://www.facebook.com/HiteshChoudharyPage
Instagram: https://instagram.com/hiteshchoudharyofficial
homepage: http://www.hiteshChoudhary.com
Download LearnCodeOnline.in  app from Google play store and Apple App store
https://play.google.com/store/apps/details?id=in.learncodeonline.lco

Disclaimer:
It doesn't feel good to have a disclaimer in every video but this is how the world is right now. 
All videos are for educational purpose and use them wisely. Any video may have a slight mistake, please take decisions based on your research. This video is not forcing anything on you.

All Amazon links are affiliate links (If any).",,2022-07-10T09:01:29Z,34849,1304,,57,PT4H19M47S,hd,False,2022-07-10,2022-09-12 04:19:47,04:19:47,15587,0.039054205285660996,0.053945820433436535
27,pOqT7yczlj4,Hitesh Choudhary,How to install and setup Appwrite locally,"https://appwrite.io/

Link to my programming Video Library:
https://courses.LearnCodeOnline.in/learn

Pick best UI color for your projects:
https://UIColorPicker.com

Desktop: https://amzn.to/2GZ0C46
Laptop that I use: https://amzn.to/2Goui9Q
Wallpaper: https://imgur.com/a/FYHfk

Facebook: https://www.facebook.com/HiteshChoudharyPage
Instagram: https://instagram.com/hiteshchoudharyofficial
homepage: http://www.hiteshChoudhary.com
Download LearnCodeOnline.in  app from Google play store and Apple App store
https://play.google.com/store/apps/details?id=in.learncodeonline.lco

Disclaimer:
It doesn't feel good to have a disclaimer in every video but this is how the world is right now. 
All videos are for educational purpose and use them wisely. Any video may have a slight mistake, please take decisions based on your research. This video is not forcing anything on you.

All Amazon links are affiliate links (If any).","['Programming', 'javascript', 'appwrite', 'firebase', 'open source']",2022-07-09T15:25:53Z,3989,189,,13,PT7M38S,hd,False,2022-07-09,2022-09-12 00:07:38,00:07:38,458,0.05063925795938832,0.006174922600619195
28,s1WQ0eEpqqg,Hitesh Choudhary,How to install Mongodb 5 | latest MAC installation,"After brew installation, here are commands:
xcode-select --install
brew tap mongodb/brew
brew install mongodb-community@5.0
brew services start mongodb-community@5.0
brew services stop mongodb-community@5.0
mongod --config /opt/homebrew/etc/mongod.conf --fork
mongosh


Link to my programming Video Library:
https://courses.LearnCodeOnline.in/learn

Pick best UI color for your projects:
https://UIColorPicker.com

Desktop: https://amzn.to/2GZ0C46
Laptop that I use: https://amzn.to/2Goui9Q
Wallpaper: https://imgur.com/a/FYHfk

Facebook: https://www.facebook.com/HiteshChoudharyPage
Instagram: https://instagram.com/hiteshchoudharyofficial
homepage: http://www.hiteshChoudhary.com
Download LearnCodeOnline.in  app from Google play store and Apple App store
https://play.google.com/store/apps/details?id=in.learncodeonline.lco

Disclaimer:
It doesn't feel good to have a disclaimer in every video but this is how the world is right now. 
All videos are for educational purpose and use them wisely. Any video may have a slight mistake, please take decisions based on your research. This video is not forcing anything on you.

All Amazon links are affiliate links (If any).","['databases', 'installation', 'mongodb installation', 'learn mongodb', 'machine learning', 'ai', 'atlas']",2022-07-09T12:48:08Z,7334,214,,52,PT9M17S,hd,False,2022-07-09,2022-09-12 00:09:17,00:09:17,557,0.03626943005181347,0.011352941176470588
29,FSNE3gZaTIw,Hitesh Choudhary,Join me up in Full stack javascript Job guarantee bootcamp,"It's now or never. Join the full stack javascript Job guarantee bootcamp. Pro quality videos + weekend live classes to guide you and give you challenges that makes you a real developer. Goal is to make you a pro developer. Me with my amazing team is all set and ready, are you ?
Join this bootcamp and use code HITESH10 for additional 10% off, 
http://hc.lco.dev/jscamp

Direct call to our Team incase of any queries 

8788503778
6260726925
9538303385
8660034247
9880055539

Link to my programming Video Library:
https://courses.LearnCodeOnline.in/learn

Pick best UI color for your projects:
https://UIColorPicker.com

Desktop: https://amzn.to/2GZ0C46
Laptop that I use: https://amzn.to/2Goui9Q
Wallpaper: https://imgur.com/a/FYHfk

Facebook: https://www.facebook.com/HiteshChoudharyPage
Instagram: https://instagram.com/hiteshchoudharyofficial
homepage: http://www.hiteshChoudhary.com
Download LearnCodeOnline.in  app from Google play store and Apple App store
https://play.google.com/store/apps/details?id=in.learncodeonline.lco

Disclaimer:
It doesn't feel good to have a disclaimer in every video but this is how the world is right now. 
All videos are for educational purpose and use them wisely. Any video may have a slight mistake, please take decisions based on your research. This video is not forcing anything on you.

All Amazon links are affiliate links (If any).","['Programming', 'LearnCodeOnline', 'python', 'javascript']",2022-07-08T10:35:28Z,8865,383,,49,PT42S,hd,False,2022-07-08,2022-09-12 00:00:42,00:00:42,42,0.048730964467005075,0.013722910216718266
30,5aTjC_f0PM0,Hitesh Choudhary,iNeuron and NativeBase present Hackathon 4.0 | 24 hour Live,"Welcome to iNeuron Hackathon 4.0 with our official partner NativeBase.
This is a 24 hour event where we will put the BEST to the TEST.",,2022-07-02T07:15:30Z,7197,207,,4,PT22M13S,hd,False,2022-07-02,2022-09-12 00:22:13,00:22:13,1333,0.029317771293594554,0.011140866873065015
31,4MISIBOEXks,Hitesh Choudhary,Udemy course announcement,,,2022-07-01T09:51:40Z,16218,890,,31,PT42S,hd,False,2022-07-01,2022-09-12 00:00:42,00:00:42,42,0.05678875323714391,0.025105263157894738
32,RDZeIFSdNdQ,Hitesh Choudhary,An Experiment,"This video is just an experiment and a glimpse of upcoming editing style. and yes, I am still editing my own videos. üòÅ

Link to my programming Video Library:
https://courses.LearnCodeOnline.in/learn

Pick best UI color for your projects:
https://UIColorPicker.com

Desktop: https://amzn.to/2GZ0C46
Laptop that I use: https://amzn.to/2Goui9Q
Wallpaper: https://imgur.com/a/FYHfk

Facebook: https://www.facebook.com/HiteshChoudharyPage
Instagram: https://instagram.com/hiteshchoudharyofficial
homepage: http://www.hiteshChoudhary.com
Download LearnCodeOnline.in  app from Google play store and Apple App store
https://play.google.com/store/apps/details?id=in.learncodeonline.lco

Disclaimer:
It doesn't feel good to have a disclaimer in every video but this is how the world is right now. 
All videos are for educational purpose and use them wisely. Any video may have a slight mistake, please take decisions based on your research. This video is not forcing anything on you.

All Amazon links are affiliate links (If any).","['Programming', 'python', 'javascript', 'system design', 'machine learning']",2022-07-01T04:51:54Z,7444,607,,65,PT34S,hd,False,2022-07-01,2022-09-12 00:00:34,00:00:34,34,0.09027404621171413,0.011523219814241486
33,LOjU3jWiXtI,Hitesh Choudhary,CoderCommunity.io | building biggest coder community,"Welcome to https://codercommunity.io , a platform to for the coders, by the coders. Trying to build biggest community for coders. A place where you can ask any question, regardless, where you are learning from.
Just be kind to other developers as they are in learning phase, just like me and let's help each other to learn.
All of this is powered by our new startup, https://www.pensil.in/ 

Link to my programming Video Library:
https://courses.LearnCodeOnline.in/learn

Pick best UI color for your projects:
https://UIColorPicker.com

Desktop: https://amzn.to/2GZ0C46
Laptop that I use: https://amzn.to/2Goui9Q
Wallpaper: https://imgur.com/a/FYHfk

Facebook: https://www.facebook.com/HiteshChoudharyPage
Instagram: https://instagram.com/hiteshchoudharyofficial
homepage: http://www.hiteshChoudhary.com
Download LearnCodeOnline.in  app from Google play store and Apple App store
https://play.google.com/store/apps/details?id=in.learncodeonline.lco

Disclaimer:
It doesn't feel good to have a disclaimer in every video but this is how the world is right now. 
All videos are for educational purpose and use them wisely. Any video may have a slight mistake, please take decisions based on your research. This video is not forcing anything on you.

All Amazon links are affiliate links (If any).","['Programming', 'python', 'javascript', 'coding community', 'machine learning', 'ai', 'deep learning', 'react native', 'iOS', 'Android', 'developers']",2022-06-29T10:39:48Z,8936,675,,97,PT7M,hd,False,2022-06-29,2022-09-12 00:07:00,00:07:00,420,0.0863921217547001,0.013832817337461301
34,OeVE-8CIzys,Hitesh Choudhary,How conversion works in javascript | 3 conversion algo,"In case you are interested in getting a full stack live course (live + pro recorded videos) here is the link, use code HITESH10 for additional 10% off
https://courses.ineuron.ai/Full-Stack-Javascript-Web-Developer


Link to my programming Video Library:
https://courses.LearnCodeOnline.in/learn

Pick best UI color for your projects:
https://UIColorPicker.com

Desktop: https://amzn.to/2GZ0C46
Laptop that I use: https://amzn.to/2Goui9Q
Wallpaper: https://imgur.com/a/FYHfk

Facebook: https://www.facebook.com/HiteshChoudharyPage
Instagram: https://instagram.com/hiteshchoudharyofficial
homepage: http://www.hiteshChoudhary.com
Download LearnCodeOnline.in  app from Google play store and Apple App store
https://play.google.com/store/apps/details?id=in.learncodeonline.lco

Disclaimer:
It doesn't feel good to have a disclaimer in every video but this is how the world is right now. 
All videos are for educational purpose and use them wisely. Any video may have a slight mistake, please take decisions based on your research. This video is not forcing anything on you.

All Amazon links are affiliate links (If any).","['javascript', 'learn js', 'react', 'nodejs', 'machine learning', 'ai']",2022-06-28T14:30:13Z,4563,242,,41,PT15M10S,hd,False,2022-06-28,2022-09-12 00:15:10,00:15:10,910,0.06202060048213894,0.007063467492260062
35,GrF_CJRCDsk,Hitesh Choudhary,Inviting all Javascript developers | NativeBase Hackathon,"Registration form to register for 
https://nativebase.io/hackathon

Link to my programming Video Library:
https://courses.LearnCodeOnline.in/learn

Pick best UI color for your projects:
https://UIColorPicker.com

Desktop: https://amzn.to/2GZ0C46
Laptop that I use: https://amzn.to/2Goui9Q
Wallpaper: https://imgur.com/a/FYHfk

Facebook: https://www.facebook.com/HiteshChoudharyPage
Instagram: https://instagram.com/hiteshchoudharyofficial
homepage: http://www.hiteshChoudhary.com
Download LearnCodeOnline.in  app from Google play store and Apple App store
https://play.google.com/store/apps/details?id=in.learncodeonline.lco

Disclaimer:
It doesn't feel good to have a disclaimer in every video but this is how the world is right now. 
All videos are for educational purpose and use them wisely. Any video may have a slight mistake, please take decisions based on your research. This video is not forcing anything on you.

All Amazon links are affiliate links (If any).","['Programming', 'javascript', 'react', 'nativebase', 'react native', 'geekyants']",2022-06-27T17:35:16Z,6900,433,,49,PT3M24S,hd,False,2022-06-27,2022-09-12 00:03:24,00:03:24,204,0.06985507246376811,0.010681114551083592
36,ZdfPSolb1fs,Hitesh Choudhary,Javascript Marathon | Conversion Confusion,"Welcome to another episode of javascript marathon.
https://courses.ineuron.ai/JavaScript-Marathon",,2022-06-27T15:33:24Z,7270,593,,50,PT55M20S,hd,False,2022-06-27,2022-09-12 00:55:20,00:55:20,3320,0.08844566712517193,0.011253869969040247
37,PFrOxB5NyJw,Hitesh Choudhary,Javascript Marathon | Symbols and Global Objects,"Welcome to another episode of Javascript marathon. We are going all indepth of Javascript with this marathon. Goal of this series is to make you pro in JS. In this video, we will learn about booleans, Symbols and Global objects in Javascript. 
In case you are looking for Paid Job guarantee course:
https://courses.ineuron.ai/Full-Stack-Javascript-Web-Developer
use Code: HITESH10 for additional 10% off.","['javascript', 'learn js', 'symbols in JS', 'react', 'machine learning']",2022-06-21T15:20:50Z,9831,528,,26,PT46M29S,hd,False,2022-06-21,2022-09-12 00:46:29,00:46:29,2789,0.0563523547960533,0.01521826625386997
38,Yz1CsZVS6FQ,Hitesh Choudhary,Javascript Marathon | Strings and Regex,"Welcome to another Day for Javascript Marathon.
Where I am teaching javascript in depth, Live on youtube.
Spend daily 1 hour with me and be a master in javascript. 
You will be able to crack interviews too. 

For last classses and code files:
https://courses.ineuron.ai/JavaScript-Marathon",,2022-06-20T15:23:41Z,11537,730,,24,PT47M35S,hd,False,2022-06-20,2022-09-12 00:47:35,00:47:35,2855,0.06535494495969489,0.017859133126934986
39,c_x9izckxBk,Hitesh Choudhary,Hackathon by iNeuron | Official Partner JetBrains | Technology Partner Touchlab,"Link to my programming Video Library:
https://courses.LearnCodeOnline.in/learn

Pick best UI color for your projects:
https://UIColorPicker.com

Desktop: https://amzn.to/2GZ0C46
Laptop that I use: https://amzn.to/2Goui9Q
Wallpaper: https://imgur.com/a/FYHfk

Facebook: https://www.facebook.com/HiteshChoudharyPage
Instagram: https://instagram.com/hiteshchoudharyofficial
homepage: http://www.hiteshChoudhary.com
Download LearnCodeOnline.in  app from Google play store and Apple App store
https://play.google.com/store/apps/details?id=in.learncodeonline.lco

Disclaimer:
It doesn't feel good to have a disclaimer in every video but this is how the world is right now. 
All videos are for educational purpose and use them wisely. Any video may have a slight mistake, please take decisions based on your research. This video is not forcing anything on you.

All Amazon links are affiliate links (If any).",,2022-06-19T10:38:39Z,6491,225,,6,PT34M17S,hd,False,2022-06-19,2022-09-12 00:34:17,00:34:17,2057,0.03558773686643044,0.01004798761609907
40,rj0L3XBo8Jg,Hitesh Choudhary,That‚Äôs one great memory üòÅ,,,2022-06-18T17:44:17Z,21234,726,,20,PT19S,hd,False,2022-06-18,2022-09-12 00:00:19,00:00:19,19,0.03513233493453895,0.03286996904024768
41,KaND-BQ62II,Hitesh Choudhary,Live hackathon with jetbrains,"Link to my programming Video Library:
https://courses.LearnCodeOnline.in/learn

Pick best UI color for your projects:
https://UIColorPicker.com

Desktop: https://amzn.to/2GZ0C46
Laptop that I use: https://amzn.to/2Goui9Q
Wallpaper: https://imgur.com/a/FYHfk

Facebook: https://www.facebook.com/HiteshChoudharyPage
Instagram: https://instagram.com/hiteshchoudharyofficial
homepage: http://www.hiteshChoudhary.com
Download LearnCodeOnline.in  app from Google play store and Apple App store
https://play.google.com/store/apps/details?id=in.learncodeonline.lco

Disclaimer:
It doesn't feel good to have a disclaimer in every video but this is how the world is right now. 
All videos are for educational purpose and use them wisely. Any video may have a slight mistake, please take decisions based on your research. This video is not forcing anything on you.

All Amazon links are affiliate links (If any).",,2022-06-18T07:25:14Z,5528,119,,1,PT25M27S,hd,False,2022-06-18,2022-09-12 00:25:27,00:25:27,1527,0.02170767004341534,0.008557275541795665
42,4TETGIyvfS4,Hitesh Choudhary,Hackathon with jetbrains,"Link to my programming Video Library:
https://courses.LearnCodeOnline.in/learn

Pick best UI color for your projects:
https://UIColorPicker.com

Desktop: https://amzn.to/2GZ0C46
Laptop that I use: https://amzn.to/2Goui9Q
Wallpaper: https://imgur.com/a/FYHfk

Facebook: https://www.facebook.com/HiteshChoudharyPage
Instagram: https://instagram.com/hiteshchoudharyofficial
homepage: http://www.hiteshChoudhary.com
Download LearnCodeOnline.in  app from Google play store and Apple App store
https://play.google.com/store/apps/details?id=in.learncodeonline.lco

Disclaimer:
It doesn't feel good to have a disclaimer in every video but this is how the world is right now. 
All videos are for educational purpose and use them wisely. Any video may have a slight mistake, please take decisions based on your research. This video is not forcing anything on you.

All Amazon links are affiliate links (If any).",,2022-06-18T05:40:11Z,7161,231,,10,PT7M52S,hd,False,2022-06-18,2022-09-12 00:07:52,00:07:52,472,0.03365451752548527,0.011085139318885448
43,g-0k8syANzI,Hitesh Choudhary,Javascript Marathon | Mystery of numbers,"Welcome to another Live for javascript Marathon. In today's live we will learn about numbers and will understand why javascript behaves differently with numbers. 

Also, there is a job guarantee JS bootcamp coming up:
https://bit.ly/38vmTZs
use code HITESH10 to get additional 10% off, if you are interested to grind and master JS and it's frameworks.",,2022-06-17T15:19:31Z,15021,890,,43,PT45M47S,hd,False,2022-06-17,2022-09-12 00:45:47,00:45:47,2747,0.06211304174156181,0.02325232198142415
44,5munbjM0WEU,Hitesh Choudhary,Campus Tech Leader | 10K INR stipend,"Join in for campus leader program:
https://forms.gle/4RmA13E1537FHpVQ6
To join my full stack javascript job guarantee bootcamp:
http://hc.lco.dev/jscamp

Link to my programming Video Library:
https://courses.LearnCodeOnline.in/learn

Pick best UI color for your projects:
https://UIColorPicker.com

Desktop: https://amzn.to/2GZ0C46
Laptop that I use: https://amzn.to/2Goui9Q
Wallpaper: https://imgur.com/a/FYHfk

Facebook: https://www.facebook.com/HiteshChoudharyPage
Instagram: https://instagram.com/hiteshchoudharyofficial
homepage: http://www.hiteshChoudhary.com
Download LearnCodeOnline.in  app from Google play store and Apple App store
https://play.google.com/store/apps/details?id=in.learncodeonline.lco

Disclaimer:
It doesn't feel good to have a disclaimer in every video but this is how the world is right now. 
All videos are for educational purpose and use them wisely. Any video may have a slight mistake, please take decisions based on your research. This video is not forcing anything on you.

All Amazon links are affiliate links (If any).","['Programming', 'python', 'javascript', 'campus leader', 'iNeuron', 'jobs', 'reactjs', 'machine learning', 'ai']",2022-06-17T12:45:00Z,8159,621,,34,PT5M11S,hd,False,2022-06-17,2022-09-12 00:05:11,00:05:11,311,0.0802794460105405,0.012630030959752321
45,-1rEsrEau7I,Hitesh Choudhary,Javascript Marathon - Day 1 | Introduction and lexical structure,"Get started with Javascript marathon.
This is a live session on youtube. If you join in late, that's on you. Please try to join in and watch the teaching part first. Once the class is over, I will have a doubt session to answer your doubts.
Please avoid quesitons like, Will you teach XYZ, or compare flutter vs React Native. 
All exercise files, code files and upcoming quizes are available at:
https://courses.ineuron.ai/JavaScript-Marathon","['javascript marathon', 'javascript', 'learn data structures in javascript']",2022-06-16T15:40:26Z,52117,3256,,106,PT1H5M4S,hd,False,2022-06-16,2022-09-12 01:05:04,01:05:04,3904,0.06450870157530172,0.0806764705882353
46,_gg5_gFP0gQ,Hitesh Choudhary,Javascript marathon | Live classes on youtube,"For course assets such as code files and study material, please join here for free:
https://courses.ineuron.ai/JavaScript-Marathon

Link to my programming Video Library:
https://courses.LearnCodeOnline.in/learn

Pick best UI color for your projects:
https://UIColorPicker.com

Desktop: https://amzn.to/2GZ0C46
Laptop that I use: https://amzn.to/2Goui9Q
Wallpaper: https://imgur.com/a/FYHfk

Facebook: https://www.facebook.com/HiteshChoudharyPage
Instagram: https://instagram.com/hiteshchoudharyofficial
homepage: http://www.hiteshChoudhary.com
Download LearnCodeOnline.in  app from Google play store and Apple App store
https://play.google.com/store/apps/details?id=in.learncodeonline.lco

Disclaimer:
It doesn't feel good to have a disclaimer in every video but this is how the world is right now. 
All videos are for educational purpose and use them wisely. Any video may have a slight mistake, please take decisions based on your research. This video is not forcing anything on you.

All Amazon links are affiliate links (If any).","['Programming', 'LearnCodeOnline', 'javascript', 'javascript projects', 'full stack development']",2022-06-15T12:53:45Z,16990,1234,,90,PT4M14S,hd,False,2022-06-15,2022-09-12 00:04:14,00:04:14,254,0.07792819305473808,0.02630030959752322
47,F-mzvrYOtP4,Hitesh Choudhary,Jetbrains Hackathon is here | Cash prizes,"We have added some more prizes from iNeuron side.
200,000 INR for 1st
100,000 INR for 2nd
50,000 for 3rd

Signup here:
https://docs.google.com/forms/d/1JY7tIcD8cX4GKjVbUvlyj5-lR6Lgw9IJZgS1w1q3ybI/edit?ts=62a0b755

Link to my programming Video Library:
https://courses.LearnCodeOnline.in/learn

Pick best UI color for your projects:
https://UIColorPicker.com

Desktop: https://amzn.to/2GZ0C46
Laptop that I use: https://amzn.to/2Goui9Q
Wallpaper: https://imgur.com/a/FYHfk

Facebook: https://www.facebook.com/HiteshChoudharyPage
Instagram: https://instagram.com/hiteshchoudharyofficial
homepage: http://www.hiteshChoudhary.com
Download LearnCodeOnline.in  app from Google play store and Apple App store
https://play.google.com/store/apps/details?id=in.learncodeonline.lco

Disclaimer:
It doesn't feel good to have a disclaimer in every video but this is how the world is right now. 
All videos are for educational purpose and use them wisely. Any video may have a slight mistake, please take decisions based on your research. This video is not forcing anything on you.

All Amazon links are affiliate links (If any).","['Programming', 'python', 'javascript', 'jetbrains', 'kotlin', 'kotlin mobile']",2022-06-14T11:37:22Z,7212,396,,52,PT4M8S,hd,False,2022-06-14,2022-09-12 00:04:08,00:04:08,248,0.06211869107043816,0.011164086687306502
48,b595GUmBOQ4,Hitesh Choudhary,That‚Äôs how we roll at Hackathon @iNeuron Intelligence,,,2022-06-14T10:36:32Z,6584,194,,11,PT42S,hd,False,2022-06-14,2022-09-12 00:00:42,00:00:42,42,0.031136087484811666,0.010191950464396285
49,jwABH7Eoa-Y,Hitesh Choudhary,Cross-platform mobile development with Kotlin,"Announcing Hackathon with Jetbrains:
https://docs.google.com/forms/d/1JY7tIcD8cX4GKjVbUvlyj5-lR6Lgw9IJZgS1w1q3ybI/edit?ts=62a0b755

Below are some handy links to get you started on your Kotlin Journey

Get started with Kotlin - https://kotlinlang.org/docs/getting-started.html

Get Started with Kotlin Multiplatform Mobile - https://kotlinlang.org/docs/multiplatform-mobile-getting-started.html

See how mobile teams all over the world are using Kotlin to simplify their development efforts -  https://kotlinlang.org/lp/mobile/case-studies/",,2022-06-13T14:37:16Z,7720,376,,7,PT50M22S,hd,False,2022-06-13,2022-09-12 00:50:22,00:50:22,3022,0.04961139896373057,0.01195046439628483
